Workbook

Sheet Raw Data
A1: Hi | B1: Ho | C1: Ci | D1: Co | E1: Volumetric Flow rate of hot fluid (lph)
A2: 65.4 | B2: 51.9 | C2: 30 | D2: 33.5 | E2: 120 | H2: Vol flow rate of cold fluid (lpm) | I2: 420
A3: 64.5 | B3: 54.6 | C3: 30.6 | D3: 34.8 | E3: 180
A4: 65 | B4: 56.9 | C4: 31.7 | D4: 36.3 | E4: 240
A5: 65.3 | B5: 58.2 | C5: 32.2 | D5: 37.2 | E5: 300
A6: 65.2 | B6: 58.7 | C6: 32.8 | D6: 37.9 | E6: 360
A7: 65.2 | B7: 59.5 | C7: 33.2 | D7: 38.5 | E7: 420

Sheet Constants
A1: Constants and Exchanger Dimensions
A3: Length of heat exchanger, L (m) | B3: 1 | C3: Given in lab manual (100 cm)
A4: Inside diameter of inner tube, d1 (m) | B4: 0.007 | C4: Given in lab manual (0.7 cm)
A5: Outside diameter of inner tube, d2 (m) | B5: 0.01 | C5: Given in lab manual (1.0 cm)
A6: Inside diameter of outer tube, D (m) | B6: 0.018 | C6: Given in lab manual (1.8 cm)
A7: Specific heat capacity of water, Cp (kcal/kg-C) | B7: 1 | C7: Given in lab manual
A8: Density of water, rho (kg/m3) | B8: 1000 | C8: Given in lab manual (1.00 g/cc)
A9: Thermal conductivity of water, K (kcal/hr-m-C) | B9: 0.5 | C9: Given in lab manual
A10: Viscosity of water, mu (centipoise) | B10: 0.47 | C10: Given in lab manual
A11: Viscosity of water, mu (kg/m-s) | B11: =B10/1000 -> 0.00047 | C11: 1 cP = 1e-3 kg/(m.s)
A12: Viscosity of water, mu (kg/m-hr) | B12: =B11*3600 -> 1.692 | C12: Converted for hr-based Pr
A13: Cooling water flow rate, Vc (L/min, held constant) | B13: 420 | C13: As recorded (Raw Data sheet)
A14: Inner heat-transfer area, Ai = pi*d1*L (m2) | B14: =PI()*B4*B3 -> 0.021991149 | C14: Computed
A15: Inner cross-section area, Ac = (pi/4)*d1^2 (m2) | B15: =(PI()/4)*B4^2 -> 3.848451e-05 | C15: Computed
A16: Prandtl number, Pr = Cp*mu(hr)/K | B16: =B7*B12/B9 -> 3.384 | C16: Computed (same for every run)

Sheet Calculations
A1: Calculations
A3: Sr. No. | B3: T1 Hot In (C) | C3: T2 Hot Out (C) | D3: t1 Cold In (C) | E3: t2 Cold Out (C) | F3: V hot (L/hr) | G3: mdot (kg/hr) | H3: Q (kcal/hr) | I3: dT1 (C) | J3: dT2 (C) | K3: LMTD (C) | L3: Ui (kcal/hr.m2.C) | M3: 1/Ui | N3: V (m/s) | O3: 1/V^0.8 | P3: Re | Q3: Nu | R3: hi,theo (kcal/hr.m2.C) | S3: hi,calc (kcal/hr.m2.C) | T3: % Error
A4: 1 | B4: ='Raw Data'!A2 -> 65.4 | C4: ='Raw Data'!B2 -> 51.9 | D4: ='Raw Data'!C2 -> 30 | E4: ='Raw Data'!D2 -> 33.5 | F4: ='Raw Data'!E2 -> 120 | G4: =F4*Constants!$B$8/1000 -> 120 | H4: =G4*Constants!$B$7*(B4-C4) -> 1620 | I4: =B4-E4 -> 31.9 | J4: =C4-D4 -> 21.9 | K4: =(I4-J4)/LN(I4/J4) -> 26.587304 | L4: =H4/(Constants!$B$14*K4) -> 2770.7211 | M4: =1/L4 -> 0.00036091688 | N4: =(F4/1000/3600)/Constants!$B$15 -> 0.86614935 | O4: =1/(N4^0.8) -> 1.1218267 | P4: =Constants!$B$8*N4*Constants!$B$4/Constants!$B$11 -> 12900.097 | Q4: =0.023*(P4^0.8)*(Constants!$B$16^0.3) -> 64.421572 | R4: =Q4*Constants!$B$9/Constants!$B$4 -> 4601.5408 | S4: =1/(M4-M10) -> 5599.5155 | T4: =(S4-R4)/R4*100 -> 21.687837
A5: 2 | B5: ='Raw Data'!A3 -> 64.5 | C5: ='Raw Data'!B3 -> 54.6 | D5: ='Raw Data'!C3 -> 30.6 | E5: ='Raw Data'!D3 -> 34.8 | F5: ='Raw Data'!E3 -> 180 | G5: =F5*Constants!$B$8/1000 -> 180 | H5: =G5*Constants!$B$7*(B5-C5) -> 1782 | I5: =B5-E5 -> 29.7 | J5: =C5-D5 -> 24 | K5: =(I5-J5)/LN(I5/J5) -> 26.748857 | L5: =H5/(Constants!$B$14*K5) -> 3029.3856 | M5: =1/L5 -> 0.00033009994 | N5: =(F5/1000/3600)/Constants!$B$15 -> 1.299224 | O5: =1/(N5^0.8) -> 0.81105959 | P5: =Constants!$B$8*N5*Constants!$B$4/Constants!$B$11 -> 19350.145 | Q5: =0.023*(P5^0.8)*(Constants!$B$16^0.3) -> 89.105461 | R5: =Q5*Constants!$B$9/Constants!$B$4 -> 6364.6758 | S5: =1/(M5-M10) -> 6767.2762 | T5: =(S5-R5)/R5*100 -> 6.3255444
A6: 3 | B6: ='Raw Data'!A4 -> 65 | C6: ='Raw Data'!B4 -> 56.9 | D6: ='Raw Data'!C4 -> 31.7 | E6: ='Raw Data'!D4 -> 36.3 | F6: ='Raw Data'!E4 -> 240 | G6: =F6*Constants!$B$8/1000 -> 240 | H6: =G6*Constants!$B$7*(B6-C6) -> 1944 | I6: =B6-E6 -> 28.7 | J6: =C6-D6 -> 25.2 | K6: =(I6-J6)/LN(I6/J6) -> 26.912079 | L6: =H6/(Constants!$B$14*K6) -> 3284.7408 | M6: =1/L6 -> 0.00030443802 | N6: =(F6/1000/3600)/Constants!$B$15 -> 1.7322987 | O6: =1/(N6^0.8) -> 0.64432024 | P6: =Constants!$B$8*N6*Constants!$B$4/Constants!$B$11 -> 25800.193 | Q6: =0.023*(P6^0.8)*(Constants!$B$16^0.3) -> 112.16447 | R6: =Q6*Constants!$B$9/Constants!$B$4 -> 8011.7479 | S6: =1/(M6-M10) -> 8189.4701 | T6: =(S6-R6)/R6*100 -> 2.2182692
A7: 4 | B7: ='Raw Data'!A5 -> 65.3 | C7: ='Raw Data'!B5 -> 58.2 | D7: ='Raw Data'!C5 -> 32.2 | E7: ='Raw Data'!D5 -> 37.2 | F7: ='Raw Data'!E5 -> 300 | G7: =F7*Constants!$B$8/1000 -> 300 | H7: =G7*Constants!$B$7*(B7-C7) -> 2130 | I7: =B7-E7 -> 28.1 | J7: =C7-D7 -> 26 | K7: =(I7-J7)/LN(I7/J7) -> 27.036409 | L7: =H7/(Constants!$B$14*K7) -> 3582.4711 | M7: =1/L7 -> 0.00027913694 | N7: =(F7/1000/3600)/Constants!$B$15 -> 2.1653734 | O7: =1/(N7^0.8) -> 0.53898138 | P7: =Constants!$B$8*N7*Constants!$B$4/Constants!$B$11 -> 32250.242 | Q7: =0.023*(P7^0.8)*(Constants!$B$16^0.3) -> 134.08597 | R7: =Q7*Constants!$B$9/Constants!$B$4 -> 9577.5689 | S7: =1/(M7-M10) -> 10329.838 | T7: =(S7-R7)/R7*100 -> 7.85449
A8: 5 | B8: ='Raw Data'!A6 -> 65.2 | C8: ='Raw Data'!B6 -> 58.7 | D8: ='Raw Data'!C6 -> 32.8 | E8: ='Raw Data'!D6 -> 37.9 | F8: ='Raw Data'!E6 -> 360 | G8: =F8*Constants!$B$8/1000 -> 360 | H8: =G8*Constants!$B$7*(B8-C8) -> 2340 | I8: =B8-E8 -> 27.3 | J8: =C8-D8 -> 25.9 | K8: =(I8-J8)/LN(I8/J8) -> 26.593859 | L8: =H8/(Constants!$B$14*K8) -> 4001.1662 | M8: =1/L8 -> 0.00024992713 | N8: =(F8/1000/3600)/Constants!$B$15 -> 2.5984481 | O8: =1/(N8^0.8) -> 0.46583141 | P8: =Constants!$B$8*N8*Constants!$B$4/Constants!$B$11 -> 38700.29 | Q8: =0.023*(P8^0.8)*(Constants!$B$16^0.3) -> 155.14162 | R8: =Q8*Constants!$B$9/Constants!$B$4 -> 11081.544 | S8: =1/(M8-M10) -> 14793.527 | T8: =(S8-R8)/R8*100 -> 33.496978
A9: 6 | B9: ='Raw Data'!A7 -> 65.2 | C9: ='Raw Data'!B7 -> 59.5 | D9: ='Raw Data'!C7 -> 33.2 | E9: ='Raw Data'!D7 -> 38.5 | F9: ='Raw Data'!E7 -> 420 | G9: =F9*Constants!$B$8/1000 -> 420 | H9: =G9*Constants!$B$7*(B9-C9) -> 2394 | I9: =B9-E9 -> 26.7 | J9: =C9-D9 -> 26.3 | K9: =(I9-J9)/LN(I9/J9) -> 26.499497 | L9: =H9/(Constants!$B$14*K9) -> 4108.0773 | M9: =1/L9 -> 0.00024342288 | N9: =(F9/1000/3600)/Constants!$B$15 -> 3.0315227 | O9: =1/(N9^0.8) -> 0.41178577 | P9: =Constants!$B$8*N9*Constants!$B$4/Constants!$B$11 -> 45150.338 | Q9: =0.023*(P9^0.8)*(Constants!$B$16^0.3) -> 175.50349 | R9: =Q9*Constants!$B$9/Constants!$B$4 -> 12535.963 | S9: =1/(M9-M10) -> 16368.52 | T9: =(S9-R9)/R9*100 -> 30.572492
L10: 1/ho | M10: 0.00018233
